x,y,z,signal,cytoplasm.p
70,669,30,0.062202759002193,1
70,669,31,0.0574424390561014,1
67,657,35,0.0578247492646048,1
67,656,36,0.0592419482988658,1
67,657,36,0.0686826552123308,1
68,657,36,0.0639773890684755,1
66,657,37,0.058235600647361,1
67,656,37,0.0630475423784545,1
67,657,37,0.0734011069069359,1
67,658,37,0.0592890294425093,1
68,657,37,0.0615839757299063,1
67,657,38,0.0668417081944683,1
