x,y,z,signal,cytoplasm.p
39,804,13,0.0888338741374786,1
40,804,13,0.0646692589758219,1
39,804,14,0.0957827891152547,1
40,804,14,0.0651196493200171,1
39,804,15,0.0650354056804768,1
81,806,23,0.0595358811151117,1
82,806,23,0.0683285264649336,1
82,807,23,0.0582753872801469,1
81,806,24,0.0639068381162523,1
81,807,24,0.0574556187099144,1
82,806,24,0.0764722375044616,1
82,807,24,0.0663253252302188,1
82,806,25,0.0629764430111062,1
82,807,25,0.0568880798186725,1
