x,y,z,signal,cytoplasm.p
666,590,68,0.0735978110287437,1
666,591,68,0.0612303305313291,1
667,590,68,0.0633077742007221,1
666,590,69,0.0682664553078706,1
