x,y,z,signal,cytoplasm.p
16,996,42,0.071258620024318,1
16,996,43,0.0840892105586682,1
16,997,43,0.058045389053002,1
17,996,43,0.0609556748015775,1
16,996,44,0.0825585426659419,1
17,996,44,0.0571128179781659,1
16,996,45,0.0674953423634149,1
