x,y,z,signal,mito.p
664,586,69,0.110937441823143,1
664,587,69,0.107615787769244,1
665,586,69,0.100466863038277,1
665,587,69,0.104871959498846,1
664,586,70,0.118560960143849,1
664,587,70,0.12497159550091,1
665,586,70,0.110441454540405,1
665,587,70,0.124525192785651,1
