x,y,z,signal,cytoplasm.p
188,824,9,0.0678495582612516,1
188,824,10,0.0720591903855384,1
186,835,15,0.0895085322194332,1
