x,y,z,signal,cytoplasm.p
537,340,4,0.0745974415704597,1
538,340,4,0.102219698157488,1
538,341,4,0.084657467026526,1
539,340,4,0.0706169842429614,1
537,340,5,0.0819739218595943,1
538,340,5,0.124373277819775,1
538,341,5,0.102674777333693,1
539,340,5,0.0790635019696298,1
539,341,5,0.0678379560662912,1
537,340,6,0.0689471726247522,1
538,340,6,0.111884703915339,1
538,341,6,0.0947665307738368,1
539,340,6,0.0705513902124962,1
538,340,7,0.0766016204211282,1
538,341,7,0.0691640444228578,1
