x,y,z,signal,cytoplasm.p
162,255,27,0.0409852558774019,1
162,256,27,0.0449056792948095,1
161,256,28,0.0435769120355388,1
162,256,28,0.0467763987287858,1
162,257,28,0.0416741360708194,1
