x,y,z,signal,cytoplasm.p
380,155,22,0.0516084517040601,1
381,155,22,0.0453180482561031,1
380,154,23,0.0417283358840146,1
380,155,23,0.0661440040997756,1
380,156,23,0.0453684038808418,1
381,155,23,0.0561570241660285,1
380,155,24,0.059149084181304,1
