x,y,z,signal,cytoplasm.p
187,329,30,0.0421719638826654,1
187,329,31,0.0463925475902962,1
187,329,32,0.0416661368066544,1
