x,y,z,signal,cytoplasm.p
282,94,56,0.0525242336342679,1
282,95,56,0.0416825922040766,1
283,94,56,0.0459623985815496,1
282,94,57,0.0511494469515834,1
283,94,57,0.046283185565108,1
