x,y,z,signal,cytoplasm.p
902,784,62,0.0571610764488946,1
902,785,62,0.0473727886130185,1
903,785,62,0.0525882061206487,1
902,784,63,0.0698514670461243,1
902,785,63,0.052260071384471,1
903,785,63,0.0632737307863027,1
