x,y,z,signal,cytoplasm.p
304,303,27,0.0460093020061062,1
305,303,27,0.0457123425028961,1
304,303,28,0.0446499893984744,1
305,303,28,0.0448661803935878,1
306,298,29,0.0434371046865837,1
292,305,44,0.0455953191344691,1
278,312,50,0.0467452937833709,1
278,312,51,0.0426460047646742,1
