x,y,z,signal,cytoplasm.p
218,418,30,0.0421626913324504,1
218,418,31,0.0476153239235386,1
218,418,32,0.0414287189706407,1
