x,y,z,signal,cytoplasm.p
230,292,37,0.0454651411802271,1
231,292,37,0.0498976959264449,1
230,292,38,0.0509159787353552,1
231,292,38,0.0524767516890856,1
230,292,39,0.0465657631536991,1
231,292,39,0.046378614434667,1
