x,y,z,signal,cytoplasm.p
538,318,52,0.0431001002019351,1
538,319,52,0.0431279638098258,1
539,318,52,0.0483130846788966,1
539,319,52,0.0496113011830714,1
538,318,53,0.0422757299373156,1
539,318,53,0.0494327059185234,1
539,319,53,0.0496622650654773,1
539,318,54,0.0456408654685861,1
