x,y,z,signal,cytoplasm.p
185,216,29,0.0460075340038204,1
185,217,29,0.0434602374015077,1
