x,y,z,signal,cytoplasm.p
316,315,24,0.0449781268380195,1
316,315,25,0.0416743388233751,1
307,329,30,0.0465050671486187,1
307,324,35,0.0473510156919016,1
