x,y,z,signal,cytoplasm.p
225,370,14,0.0413650384479401,1
225,371,14,0.0414950731237095,1
227,384,24,0.0450737341298276,1
