x,y,z,signal,cytoplasm.p
393,235,28,0.0417808920498247,1
394,235,28,0.0419666890851519,1
422,244,53,0.041190495531139,1
409,252,60,0.0463959051726189,1
410,251,60,0.0413373424488287,1
410,252,60,0.0499390574478118,1
410,251,61,0.0445557716375148,1
