x,y,z,signal,cytoplasm.p
465,244,66,0.046078151367294,1
465,244,67,0.0519311634852141,1
466,244,67,0.0431381500982252,1
