x,y,z,signal,cytoplasm.p
647,1000,64,0.0410615503124357,1
648,1000,64,0.0439106589624588,1
649,1000,64,0.0414056619500042,1
