x,y,z,signal,cytoplasm.p
378,103,55,0.0439502092276613,1
379,103,55,0.041177440969918,1
378,103,56,0.0452708285375596,1
378,104,56,0.0429772402632708,1
357,103,61,0.0422750216550543,1
357,104,61,0.043088424358093,1
357,103,62,0.0431195860742235,1
357,104,62,0.0444465015268187,1
