x,y,z,signal,cytoplasm.p
760,972,33,0.0451870430714337,1
758,963,35,0.0449548832850317,1
758,963,36,0.0481127975942539,1
758,963,37,0.0427308905013358,1
763,982,37,0.0441958723342743,1
763,963,42,0.0437841846215679,1
764,963,42,0.0440185611692458,1
764,965,42,0.0417156327605568,1
