x,y,z,signal,cytoplasm.p
207,183,45,0.0465457420146636,1
207,184,45,0.04104400275458,1
208,183,45,0.0481934822979609,1
208,184,45,0.0420931417991036,1
207,183,46,0.0470114997789294,1
207,184,46,0.0423999740000936,1
208,183,46,0.0507872605995143,1
208,184,46,0.0465033964675595,1
234,188,46,0.042470913064289,1
