x,y,z,signal,cytoplasm.p
341,274,38,0.0422101570574283,1
324,258,42,0.0429591493285657,1
324,258,43,0.0485441036442517,1
324,258,44,0.0415759335462981,1
346,274,44,0.042340689152801,1
302,274,55,0.0432649677667772,1
