x,y,z,signal,cytoplasm.p
189,185,37,0.0488148567037932,1
189,186,37,0.0441484174227661,1
189,185,38,0.0456413412612502,1
189,186,38,0.0420526237283684,1
