x,y,z,signal,cytoplasm.p
218,126,8,0.0410353384620322,1
222,125,52,0.0444076811708167,1
222,126,52,0.0448089095550153,1
223,125,52,0.0428599330412658,1
223,126,52,0.0433809773724255,1
222,125,53,0.0447606625568561,1
222,126,53,0.0453403429271301,1
223,125,53,0.0440204291961258,1
223,126,53,0.0444379210386606,1
