x,y,z,signal,cytoplasm.p
191,123,7,0.0425875849949527,1
192,122,18,0.0418465487341017,1
192,122,19,0.0495085083406887,1
192,123,19,0.0474552899796248,1
192,123,20,0.0478236291959182,1
181,140,61,0.0421783492364869,1
