x,y,z,signal,cytoplasm.p
116,340,41,0.0413001116728636,1
115,340,42,0.0418876885793411,1
116,339,42,0.0448728009403739,1
116,340,42,0.0541521744546573,1
116,339,43,0.0427240915323007,1
116,340,43,0.0517520599875931,1
93,332,58,0.0430865184840692,1
87,325,59,0.0419807898495604,1
87,325,60,0.045940944657787,1
109,328,66,0.0430847585918856,1
