x,y,z,signal,cytoplasm.p
332,214,14,0.0426634604080381,1
336,216,42,0.0446552582615557,1
