x,y,z,signal,cytoplasm.p
94,252,48,0.0423217682843012,1
95,252,48,0.0429045602304636,1
94,252,49,0.0535191215016155,1
95,252,49,0.0551199259199473,1
94,252,50,0.0500585408805815,1
95,252,50,0.0528593809055061,1
