x,y,z,signal,cytoplasm.p
113,216,6,0.0411381475246195,1
118,214,10,0.0482175909285198,1
118,214,11,0.0475958002041064,1
115,227,26,0.0426226611870923,1
