x,y,z,signal,cytoplasm.p
223,142,46,0.042811496807388,1
223,142,47,0.0419296151044966,1
