x,y,z,signal,cytoplasm.p
374,244,4,0.0433902742529471,1
374,243,6,0.0488087416867127,1
