x,y,z,signal,cytoplasm.p
197,277,27,0.0475853381722312,1
197,278,27,0.0435513354764765,1
198,277,27,0.0473094865617553,1
198,278,27,0.0424611755348796,1
197,277,28,0.0482698794609563,1
197,278,28,0.0431945693760637,1
198,277,28,0.0475946864167336,1
198,278,28,0.0423944942743543,1
