x,y,z,signal,cytoplasm.p
413,389,11,0.0413878791991839,1
413,389,12,0.042298865355607,1
394,411,13,0.0411222706478229,1
395,411,13,0.0455156184564992,1
403,381,13,0.0421270744668289,1
395,411,14,0.0420615907980661,1
403,381,14,0.0438585434455365,1
387,410,21,0.0412778305186737,1
