x,y,z,signal,cytoplasm.p
161,241,31,0.0520620929755961,1
161,242,31,0.0476841084039085,1
162,241,31,0.0438330209538224,1
161,240,32,0.0426384164123555,1
161,241,32,0.0591294415137058,1
161,242,32,0.0502394718545715,1
162,241,32,0.0476765173482224,1
161,241,33,0.049488519642062,1
161,242,33,0.0410061799411522,1
162,241,33,0.0416753985433997,1
