x,y,z,signal,cytoplasm.p
359,394,44,0.0413270723560396,1
358,394,45,0.0432284047225623,1
358,395,45,0.0473539245152343,1
359,394,45,0.0431985919867692,1
359,395,45,0.0450497336339651,1
358,395,46,0.0450866643361477,1
