x,y,z,signal,cytoplasm.p
69,200,52,0.0437733143812139,1
69,200,53,0.0413748435615347,1
70,199,55,0.0439801652419272,1
70,200,55,0.0425997961055419,1
71,199,55,0.0481065095616591,1
71,200,55,0.0445275944390046,1
69,200,56,0.043359880293161,1
70,199,56,0.0474851513760313,1
70,200,56,0.0489933222067056,1
71,199,56,0.046481223448066,1
71,200,56,0.0469302689950056,1
69,200,57,0.0450882431027149,1
70,200,57,0.0437165436656122,1
69,200,58,0.0427909971723209,1
