x,y,z,signal,cytoplasm.p
71,303,9,0.0432201080879822,1
71,302,10,0.0435411600015468,1
71,303,10,0.0495317140465327,1
71,303,11,0.045777926196253,1
