x,y,z,signal,cytoplasm.p
123,234,16,0.0493441598223892,1
123,234,17,0.0500189635817049,1
