x,y,z,signal,cytoplasm.p
399,274,30,0.0425628356663178,1
409,269,60,0.0422591096344814,1
410,269,60,0.0455214361031647,1
