x,y,z,signal,cytoplasm.p
462,376,26,0.0424554254723994,1
462,376,27,0.0502690142536236,1
462,376,28,0.0484958539427251,1
462,366,29,0.0443331790683755,1
463,366,29,0.0420344895397848,1
462,366,30,0.0453100057380595,1
463,366,30,0.0437610951605225,1
