x,y,z,signal,mito.p
887,782,58,0.114575989475815,1
889,781,58,0.120111952774955,1
889,781,59,0.127085482807707,1
888,781,60,0.128675771942963,1
889,781,60,0.11865710937854,1
