x,y,z,signal,mito.p
615,1018,46,0.115430636660216,1
616,1018,46,0.115064246574039,1
598,1023,47,0.11611321205171,1
615,1017,47,0.118348673251223,1
615,1018,47,0.119660050862872,1
598,1023,48,0.11410656358674,1
615,1017,48,0.125977409238283,1
616,1017,48,0.114737497419689,1
615,1017,49,0.123520578283704,1
616,1017,49,0.115621398339876,1
